<?xml version="1.0" encoding="UTF-8"?>
<project-private xmlns="http://www.netbeans.org/ns/project-private/1">
    <editor-bookmarks xmlns="http://www.netbeans.org/ns/editor-bookmarks/2" lastBookmarkId="1">
        <file>
            <url>src/ptonmusic/App.java</url>
            <bookmark id="1">
                <name/>
                <line>13</line>
                <key/>
            </bookmark>
        </file>
    </editor-bookmarks>
    <open-files xmlns="http://www.netbeans.org/ns/projectui-open-files/2">
        <group>
            <file>file:/Users/keng/NetBeansProjects/PtoNMusic/src/ConnectPtoNMusic/mainApp.java</file>
            <file>file:/Users/keng/NetBeansProjects/PtoNMusic/build.xml</file>
            <file>file:/Users/keng/NetBeansProjects/PtoNMusic/src/ConnectPtoNMusic/Category.java</file>
            <file>file:/Users/keng/NetBeansProjects/PtoNMusic/src/ConnectPtoNMusic/Connect.java</file>
        </group>
    </open-files>
</project-private>
